feature,importance_mean,importance_std,corrected_empath_label
522 (empath_negative_emotion),0.001440966166724894,0.0019821637924483868,empath_negative_emotion
446 (empath_positive_emotion),0.0013176416363546773,0.0008937067230226636,empath_positive_emotion
305 (empath_affection),0.0013135931037920156,0.0015266981579733175,empath_affection
293 (empath_positive_emotion),0.0013017589316857703,0.000694036206951108,empath_positive_emotion
166 (empath_medical_emergency),0.0010955951965719358,0.0011841658703827774,empath_medical_emergency
425 (empath_negative_emotion),0.0010825153221386886,0.0006237803871246428,empath_negative_emotion
134 (empath_medical_emergency),0.0010644526383976117,0.0003939005504187199,empath_medical_emergency
759 (empath_medical_emergency),0.0010510613383826694,0.0006153689904686718,empath_medical_emergency
300 (empath_health),0.0009893990731975554,0.0006399300132515363,empath_health
41 (empath_optimism),0.000909674124271348,0.000613144615821,empath_optimism
209 (empath_negative_emotion),0.0008274577706911923,0.0006216331549513122,empath_negative_emotion
588 (empath_health),0.0007499128008372324,0.0003494433723103417,empath_health
12 (empath_negative_emotion),0.0007467985450197833,0.0004154043719721845,empath_negative_emotion
59 (empath_achievement),0.0007243759031342778,0.00036914691789809514,empath_achievement
70 (empath_negative_emotion),0.0007218844984803019,0.0002650222551804509,empath_negative_emotion
651 (empath_negative_emotion),0.0007103617519558514,0.00029469138313139925,empath_negative_emotion
727 (empath_negative_emotion),0.0006564851263143046,0.00030526316144281556,empath_negative_emotion
105 (empath_negative_emotion),0.0006446509542080758,0.00026466044588570824,empath_negative_emotion
637 (empath_health),0.0006430938262993568,0.000546123184925614,empath_health
213 (empath_death),0.0006421595495541222,0.00031785492992063194,empath_death
655 (empath_negative_emotion),0.0006318825053565847,0.000204504669330612,empath_negative_emotion
400 (empath_health),0.0006268996960487105,0.0002631667784742726,empath_health
437 (empath_health),0.0006044770541632383,0.00023703128655965577,empath_health
482 (empath_medical_emergency),0.0005982485425283457,0.0005549267439939063,empath_medical_emergency
498 (empath_health),0.0005776944541333428,0.0005042397565294172,empath_health
488 (empath_friends),0.0005755144750611008,0.0002013977462927928,empath_friends
561 (empath_death),0.0005736459215706646,0.0004598097207347181,empath_death
580 (empath_death),0.0005649260052818572,0.00024281691043710822,empath_death
550 (empath_health),0.000554960386666098,0.0004146986827325531,empath_health
48 (empath_death),0.0005487318750312276,0.0002626106258802944,empath_death
725 (empath_negative_emotion),0.0005446833424685605,0.0002528766135508759,empath_negative_emotion
377 (empath_pain),0.000536274851761509,0.000192267404982139,empath_pain
366 (empath_negative_emotion),0.0005334720215257882,0.00020824360568063763,empath_negative_emotion
392 (empath_health),0.0005328491703623095,0.00023747277809662315,empath_health
137 (empath_negative_emotion),0.0005322263191988863,0.00022244137629152705,empath_negative_emotion
263 (empath_death),0.0005132293587125414,0.00033276460973049037,empath_death
538 (empath_medical_emergency),0.0005051322935872238,0.00038582550388609584,empath_medical_emergency
764 (empath_health),0.0004998380586975715,0.0001634658016221349,empath_health
670 (empath_medical_emergency),0.0004923638447357548,0.0002360801056098838,empath_medical_emergency
617 (empath_positive_emotion),0.0004901838656635627,0.0005367484724811689,empath_positive_emotion
438 (empath_friends),0.000488626737754827,0.00020242638857466625,empath_friends
49 (empath_health),0.0004880038865913705,0.00017220764639669153,empath_health
40 (empath_medical_emergency),0.000488003886591365,0.0002235269994075283,empath_medical_emergency
198 (empath_body),0.00048520105635564416,0.00025776483004508297,empath_body
381 (empath_negative_emotion),0.0004780382679755557,0.00026382636474188545,empath_negative_emotion
647 (empath_medical_emergency),0.00047025262843202744,0.0006171461908032989,empath_medical_emergency
546 (empath_death),0.00044782998654648856,0.00048129068016277793,empath_death
225 (empath_optimism),0.00043568438885852045,0.0005112939448719732,empath_optimism
591 (empath_negative_emotion),0.0004353729632767811,0.0002623593718753009,empath_negative_emotion
33 (empath_health),0.00043475011211328016,0.00021871390004124115,empath_health
453 (empath_negative_emotion),0.0004338158353680732,0.00023986866820567202,empath_negative_emotion
155 (empath_affection),0.00043350440978633386,0.00024762857820095734,empath_affection
206 (empath_medical_emergency),0.00042634162140622325,0.0001771075394117988,empath_medical_emergency
615 (empath_family),0.00042322736558880194,0.0005954225015131284,empath_family
750 (empath_negative_emotion),0.00041544172604526255,0.0002829561490817602,empath_negative_emotion
739 (empath_medical_emergency),0.0004039189795207454,0.00020885746829906027,empath_medical_emergency
45 (empath_optimism),0.00040236185161205416,0.0004727657790360847,empath_optimism
243 (empath_money),0.0003955104888136829,0.00018118974796687217,empath_money
656 (empath_death),0.0003948876376501986,0.00020897932830329593,empath_death
281 (empath_health),0.0003895934027605408,0.00037591776789103155,empath_health
6 (empath_money),0.00038865912601534494,0.00027586330460851387,empath_money
10 (empath_negative_emotion),0.00038336489112570927,0.00018201193458871871,empath_negative_emotion
518 (empath_positive_emotion),0.00037744780507255603,0.00018147749609560273,empath_positive_emotion
375 (empath_health),0.00037215357018297035,0.0002174265824062877,empath_health
148 (empath_negative_emotion),0.00035595943993234623,0.00020408500366087928,empath_negative_emotion
121 (empath_negative_emotion),0.00035533658876883424,0.0004405256583689485,empath_negative_emotion
593 (empath_health),0.0003478623748069842,0.0002043224770117654,empath_health
367 (empath_money),0.0003475509492252726,0.0006098905670630639,empath_money
123 (empath_medical_emergency),0.0003400767352634171,0.00018370836423535448,empath_medical_emergency
685 (empath_medical_emergency),0.00033945388409993283,0.0002979970189710857,empath_medical_emergency
260 (empath_medical_emergency),0.00033883103293644854,0.00028897474909801225,empath_medical_emergency
362 (empath_affection),0.0003375853306094745,0.00022674348899972034,empath_affection
115 (empath_medical_emergency),0.00033727390502774623,0.00019231153774497626,empath_medical_emergency
330 (empath_health),0.0003372739050277407,0.0003214194145194206,empath_health
240 (empath_health),0.0003310453933928925,0.00043546729406888034,empath_health
462 (empath_family),0.0003195226468683865,0.00021548399954288993,empath_family
592 (empath_religion),0.00031858837012315735,0.00023727502606160693,empath_religion
560 (empath_medical_emergency),0.00031547411430572493,0.0001474760437598435,empath_medical_emergency
180 (empath_negative_emotion),0.0003123598584883314,0.00038675132890469613,empath_negative_emotion
386 (empath_achievement),0.0003101798794161115,0.00019283858281943822,empath_achievement
586 (empath_negative_emotion),0.00031017987941608927,0.0001230915275004678,empath_negative_emotion
440 (empath_negative_emotion),0.00030613134685346654,0.0001319103333425893,empath_negative_emotion
303 (empath_achievement),0.00030426279336299154,0.00022983355627218156,empath_achievement
312 (empath_negative_emotion),0.0003036399421994962,0.00016583375675477123,empath_negative_emotion
279 (empath_medical_emergency),0.00030301709103600636,0.0010412802484560538,empath_medical_emergency
156 (empath_positive_emotion),0.00030239423987252765,0.00019235389567110784,empath_positive_emotion
202 (empath_medical_emergency),0.00029990283521859616,0.00032148579101251844,empath_medical_emergency
511 (empath_health),0.0002999028352185629,0.00016368399407757042,empath_health
15 (empath_negative_emotion),0.00029647715381937446,0.0002580769346348055,empath_negative_emotion
361 (empath_medical_emergency),0.0002961657282376462,0.0002732782104636698,empath_medical_emergency
697 (empath_health),0.0002958543026559124,0.00024286004394939655,empath_health
228 (empath_medical_emergency),0.00029242862125675173,0.0002936429481745705,empath_medical_emergency
320 (empath_suffering),0.0002902486421845374,0.00015993333444514214,empath_suffering
285 (empath_medical_emergency),0.0002874458119488443,0.00015607704418540402,empath_medical_emergency
207 (empath_health),0.00028495440729492394,0.0005880779639105241,empath_health
445 (empath_health),0.0002849544072949128,0.0001573593126004744,empath_health
261 (empath_medical_emergency),0.0002843315561314397,0.00020788934736911167,empath_medical_emergency
128 (empath_pain),0.0002799715979870221,0.00023884920969801456,empath_pain
268 (empath_money),0.0002777916189148244,0.00034217381805212927,empath_money
743 (empath_health),0.00027685734216961744,0.00019465942411072838,empath_health
370 (empath_negative_emotion),0.00027561163984263226,0.0001287190157843765,empath_negative_emotion
483 (empath_affection),0.0002743659375156471,0.00023662996103180129,empath_affection
358 (empath_medical_emergency),0.00027312023518867855,0.00024286623377856237,empath_medical_emergency
709 (empath_pain),0.0002728088096069448,0.0002996464382096879,empath_pain
333 (empath_death),0.0002718745328617267,0.0002148455096673643,empath_death
127 (empath_pain),0.00027187453286168785,0.00022929278161930983,empath_pain
611 (empath_health),0.00026813742588079336,0.00023126552606909419,empath_health
17 (empath_suffering),0.0002668917235538248,0.00011916292030135988,empath_suffering
575 (empath_negative_emotion),0.0002662688723903461,0.0003126680271121763,empath_negative_emotion
27 (empath_negative_emotion),0.0002647117444816383,0.00014614456318495753,empath_negative_emotion
384 (empath_medical_emergency),0.0002647117444815994,0.0001756009533258821,empath_medical_emergency
190 (empath_negative_emotion),0.00026066321191896557,0.00017712725228152156,empath_negative_emotion
407 (empath_pain),0.0002563032537745757,0.00036949447716079243,empath_pain
124 (empath_medical_emergency),0.0002544347002841063,0.00018697235652567203,empath_medical_emergency
688 (empath_death),0.0002538118491206165,0.00010994469868784903,empath_death
119 (empath_death),0.0002535004235388605,0.00017352973229687593,empath_death
237 (empath_health),0.0002531889979571156,0.0002077493422703948,empath_health
288 (empath_positive_emotion),0.0002497633165579716,0.0002102886107526391,empath_positive_emotion
421 (empath_medical_emergency),0.0002491404653944651,0.0005203212281764339,empath_medical_emergency
186 (empath_health),0.0002482061886492526,0.00016174084794838645,empath_health
129 (empath_health),0.00024696048632228405,0.00022920817032893987,empath_health
138 (empath_medical_emergency),0.00024602620957704934,0.0003081162299955921,empath_medical_emergency
475 (empath_positive_emotion),0.0002444690816683193,0.00015439769286190063,empath_positive_emotion
500 (empath_medical_emergency),0.00024322337934136186,0.0001857149058905802,empath_medical_emergency
241 (empath_negative_emotion),0.0002426005281778776,0.0001759538000898553,empath_negative_emotion
545 (empath_negative_emotion),0.00024197767701439888,0.00020843912170454237,empath_negative_emotion
159 (empath_death),0.0002410434002691364,0.00020904150754674121,empath_death
664 (empath_pain),0.0002407319746874248,0.0005459079036877453,empath_pain
328 (empath_health),0.00024042054910566323,0.0003028325159643246,empath_health
58 (empath_medical_emergency),0.00023761771886995908,0.00017856693147291354,empath_medical_emergency
161 (empath_affection),0.00023730629328824193,0.00017517405227437604,empath_affection
706 (empath_death),0.00023294633514382989,0.000405568424320045,empath_death
158 (empath_death),0.0002323234839803401,0.0002297645516647813,empath_death
391 (empath_optimism),0.00023107778165338267,0.00022224443215771152,empath_optimism
746 (empath_negative_emotion),0.000231077781653366,0.00025796040963072485,empath_negative_emotion
549 (empath_medical_emergency),0.00022983207932639194,0.0006980377771348399,empath_medical_emergency
470 (empath_positive_emotion),0.00022920922816291878,0.00015405465248362915,empath_positive_emotion
205 (empath_medical_emergency),0.00022734067467246045,0.00019491858225862373,empath_medical_emergency
539 (empath_medical_emergency),0.00022609497234548636,0.00021184357515833597,empath_medical_emergency
327 (empath_negative_emotion),0.00022453784443678403,0.00019762621817638997,empath_negative_emotion
149 (empath_optimism),0.00022391499327327203,0.00022038261839944787,empath_optimism
26 (empath_health),0.0002229807165280595,0.00022951537170309968,empath_health
698 (empath_family),0.00022173501420110208,0.00039545604689407985,empath_family
385 (empath_money),0.00022048931187411137,0.00015821400390113115,empath_money
412 (empath_pain),0.00021924360954713728,0.00035655495531344584,empath_pain
589 (empath_sadness),0.00021612935372971042,0.00014887445786196146,empath_sadness
513 (empath_positive_emotion),0.00021332652349403958,0.00020411921685095346,empath_positive_emotion
748 (empath_negative_emotion),0.0002089665653496664,0.00018705740690399782,empath_negative_emotion
745 (empath_positive_emotion),0.00020865513976788818,0.0003675270501155363,empath_positive_emotion
338 (empath_medical_emergency),0.00020678658627745205,0.00020426859478277055,empath_medical_emergency
373 (empath_health),0.00020647516069569605,0.00027884869903205755,empath_health
677 (empath_optimism),0.00020118092580603263,0.000259991684297261,empath_optimism
229 (empath_negative_emotion),0.00020086950022429884,0.00035794099948404686,empath_negative_emotion
187 (empath_medical_emergency),0.00019962379789735806,0.0003755873857442298,empath_medical_emergency
53 (empath_medical_emergency),0.00019495241417117893,0.0002638133141721709,empath_medical_emergency
548 (empath_money),0.00019432956300769467,0.00029788699342538706,empath_money
573 (empath_optimism),0.0001940181374259553,0.0002014735783374384,empath_optimism
245 (empath_friends),0.00019339528626248216,0.00016309277733367284,empath_friends
60 (empath_medical_emergency),0.0001909038816085118,0.0006203024582561187,empath_medical_emergency
79 (empath_negative_emotion),0.00018747820020935667,0.00019852153414998645,empath_negative_emotion
596 (empath_negative_emotion),0.00018685534904586688,0.00026649733525805063,empath_negative_emotion
350 (empath_death),0.00018249539090148815,0.0002461018861807094,empath_death
352 (empath_family),0.00018187253973797057,0.00014295214440882887,empath_family
176 (empath_negative_emotion),0.00018156111415624788,0.00022812237411873052,empath_negative_emotion
250 (empath_negative_emotion),0.00018093826299276917,0.00024388798898040265,empath_negative_emotion
16 (empath_health),0.00018062683741102426,0.00017957134986587285,empath_health
81 (empath_negative_emotion),0.00018031541182925715,0.00017029569791450944,empath_negative_emotion
765 (empath_medical_emergency),0.0001787582839205437,0.00021808775722882272,empath_medical_emergency
763 (empath_medical_emergency),0.00017813543275708166,0.0003654889353611325,empath_medical_emergency
169 (empath_body),0.000178135432757065,0.0002747924464033055,empath_body
2 (empath_money),0.00017751258159358628,0.0005221354282212725,empath_money
572 (empath_medical_emergency),0.0001765783048483627,0.0002558188186611478,empath_medical_emergency
712 (empath_negative_emotion),0.00017595545368487286,0.0001554244552507643,empath_negative_emotion
577 (empath_health),0.00017533260252139415,0.00025451130630599583,empath_health
20 (empath_death),0.0001725297722857122,0.0009160531476685438,empath_death
390 (empath_friends),0.00017066121879523167,0.00017876370937094176,empath_friends
219 (empath_affection),0.0001700383676317696,0.00019126804952625614,empath_affection
307 (empath_weakness),0.00017003836763176405,0.0002832096774913614,empath_weakness
231 (empath_medical_emergency),0.00016630126065084183,0.00028015911800518775,empath_medical_emergency
554 (empath_positive_emotion),0.00016567840948733537,0.0002349016091884937,empath_positive_emotion
569 (empath_religion),0.0001650555583238622,0.00019875199169874853,empath_religion
519 (empath_medical_emergency),0.00016443270716038906,0.00020706780371608255,empath_medical_emergency
717 (empath_health),0.00016412128157861083,0.00017963911921346334,empath_health
720 (empath_money),0.00016225272808816915,0.0002003652753038755,empath_money
640 (empath_negative_emotion),0.000161629876924696,0.0006689939793477031,empath_negative_emotion
467 (empath_negative_emotion),0.00015882704668902515,0.00018004062082323938,empath_negative_emotion
526 (empath_negative_emotion),0.0001588270466889974,0.00018067515560754637,empath_negative_emotion
0 (empath_sadness),0.0001557127908715761,0.00023623226454374548,empath_sadness
565 (empath_health),0.00015508993970809738,0.00023522755729341065,empath_health
227 (empath_medical_emergency),0.0001544670885445909,0.0002560031938375847,empath_medical_emergency
163 (empath_negative_emotion),0.0001513528327271585,0.00020172205926852912,empath_negative_emotion
25 (empath_medical_emergency),0.00015104140714543025,0.00013784408300696022,empath_medical_emergency
418 (empath_religion),0.00014979570481845616,0.00018930449140020162,empath_religion
704 (empath_body),0.00014948427923672236,0.00022461536349914452,empath_body
339 (empath_health),0.00014792715132802559,0.0002619892578694664,empath_health
310 (empath_negative_emotion),0.00014201006527489457,0.00012464183999983294,empath_negative_emotion
51 (empath_medical_emergency),0.00014138721411141586,0.0001959666352254395,empath_medical_emergency
541 (empath_negative_emotion),0.00014045293736619224,0.00024538656140812447,empath_negative_emotion
517 (empath_negative_emotion),0.00014045293736615893,0.00017139699528546002,empath_negative_emotion
405 (empath_health),0.00014014151178443624,0.0002651071428597918,empath_health
287 (empath_pain),0.00013920723503919598,0.0001709187462087589,empath_pain
401 (empath_friends),0.0001388958094574455,0.00022868139720958798,empath_friends
563 (empath_negative_emotion),0.00013858438387572835,0.0003014102531894492,empath_negative_emotion
313 (empath_pain),0.0001385843838757228,0.000510934930733633,empath_pain
356 (empath_negative_emotion),0.00013796153271224408,0.0001742344723140007,empath_negative_emotion
456 (empath_family),0.0001379615327122108,0.00022814788160468002,empath_family
364 (empath_family),0.00013484727689481725,0.00027478450508557127,empath_family
419 (empath_medical_emergency),0.0001342244257313163,0.0003548200821129275,empath_medical_emergency
472 (empath_negative_emotion),0.0001326672978226029,0.0003315715861948916,empath_negative_emotion
487 (empath_medical_emergency),0.00013173302107736263,0.00018847063507067974,empath_medical_emergency
120 (empath_health),0.00013111016991388392,0.0002867718973225482,empath_health
766 (empath_health),0.00013017589316865474,0.00014777332545556215,empath_health
242 (empath_medical_emergency),0.00012893019084168623,0.00018383185928432595,empath_medical_emergency
273 (empath_affection),0.00012861876525994132,0.0001557037592677266,empath_affection
676 (empath_optimism),0.00012737306293297834,0.00030473577986034957,empath_optimism
686 (empath_negative_emotion),0.00012643878618770477,0.0001130281812858387,empath_negative_emotion
632 (empath_medical_emergency),0.00012581593502426492,0.00034437305083592497,empath_medical_emergency
117 (empath_death),0.0001248816582790191,0.00026507037373265085,empath_death
653 (empath_negative_emotion),0.00012457023269726308,0.0001673372851953755,empath_negative_emotion
429 (empath_friends),0.00012394738153381212,0.0002190621644533476,empath_friends
29 (empath_health),0.00012394738153378437,0.0001891858504112912,empath_health
276 (empath_medical_emergency),0.00012332453037030566,0.00025162416137626434,empath_medical_emergency
481 (empath_strength),0.00011989884897116721,0.00037637878496192404,empath_strength
168 (empath_affection),0.00011896457222591583,0.00016204787081401263,empath_affection
154 (empath_family),0.0001174074443172024,0.00021902120788816397,empath_family
113 (empath_health),0.000114604614081526,0.0002076571207208348,empath_health
757 (empath_medical_emergency),0.00011398176291802509,0.0001276024280896068,empath_medical_emergency
767 (empath_achievement),0.00011086750710058713,0.000222782290160028,empath_achievement
504 (empath_medical_emergency),0.00010962180477361861,0.0004928299745409876,empath_medical_emergency
683 (empath_medical_emergency),0.00010868752802842274,0.0008881964056289765,empath_medical_emergency
274 (empath_family),0.00010837610244662232,0.00021625944918432448,empath_family
46 (empath_negative_emotion),0.0001021475908117797,0.0002535348540044849,empath_negative_emotion
140 (empath_health),9.934476057609221e-05,0.00022967483579445125,empath_health
181 (empath_negative_emotion),9.84104838308908e-05,0.00019777461560053591,empath_negative_emotion
701 (empath_negative_emotion),9.84104838308908e-05,0.0002121135160463528,empath_negative_emotion
271 (empath_affection),9.778763266738433e-05,0.0001803592427453665,empath_affection
28 (empath_friends),9.747620708564498e-05,0.0003874528505639838,empath_friends
131 (empath_negative_emotion),9.591907917692045e-05,0.0004304591037483024,empath_negative_emotion
411 (empath_medical_emergency),9.529622801345284e-05,0.00015327834372527783,empath_medical_emergency
492 (empath_family),9.529622801342508e-05,0.0002219667127504881,empath_family
346 (empath_negative_emotion),9.498480243170792e-05,0.0002936125603722071,empath_negative_emotion
679 (empath_health),9.249339777775978e-05,0.00024356009200461606,empath_health
306 (empath_death),9.155912103254172e-05,0.0007764286329040413,empath_death
455 (empath_negative_emotion),9.155912103253616e-05,0.00022672210129246387,empath_negative_emotion
469 (empath_medical_emergency),9.093626986902414e-05,0.00025465702276927,empath_medical_emergency
740 (empath_medical_emergency),8.969056754207227e-05,0.00021446711089002717,empath_medical_emergency
301 (empath_death),8.844486521511485e-05,0.00018240715003471815,empath_death
452 (empath_negative_emotion),8.501918381593754e-05,0.0001573395886766856,empath_negative_emotion
552 (empath_negative_emotion),8.470775823418708e-05,0.00035107153765707105,empath_negative_emotion
733 (empath_death),8.09706512532815e-05,0.00026535214016817774,empath_death
189 (empath_body),8.06592256714922e-05,0.00017617414248529136,empath_body
721 (empath_medical_emergency),7.972494892631854e-05,0.0001741601450077596,empath_medical_emergency
490 (empath_health),7.847924659932781e-05,0.00016350762462610167,empath_health
331 (empath_money),7.81678210175718e-05,0.0002547489812187702,empath_money
741 (empath_medical_emergency),7.785639543584356e-05,0.0004816435999579896,empath_medical_emergency
174 (empath_health),7.78563954358158e-05,0.0002826365167466592,empath_health
11 (empath_money),7.629926752709681e-05,0.00022153612876010014,empath_money
650 (empath_optimism),7.53649907818732e-05,0.0002568828792058731,empath_optimism
248 (empath_health),7.505356520015049e-05,0.0002232595638354734,empath_health
447 (empath_friends),7.505356520010054e-05,0.00017509181528561267,empath_friends
461 (empath_optimism),7.443071403665514e-05,0.0001469780283338154,empath_optimism
236 (empath_optimism),7.193930938267367e-05,0.00022654557566365678,empath_optimism
661 (empath_death),7.131645821923383e-05,0.00019247486695277304,empath_death
551 (empath_money),7.0693607055744e-05,0.0002078240233936679,empath_money
567 (empath_family),6.820220240178477e-05,0.00024484844882260775,empath_family
220 (empath_achievement),6.789077682005651e-05,0.00010768122129321939,empath_achievement
571 (empath_negative_emotion),6.726792565658334e-05,0.00022173501420098593,empath_negative_emotion
178 (empath_negative_emotion),6.602222332959817e-05,0.00024262751156390377,empath_negative_emotion
491 (empath_medical_emergency),6.446509542089585e-05,0.00013580833645564762,empath_medical_emergency
353 (empath_health),6.446509542089585e-05,0.00015491693322496167,empath_health
715 (empath_pain),6.415366983915094e-05,0.00015307573185734908,empath_pain
323 (empath_death),6.384224425738938e-05,0.00038534244073820857,empath_death
218 (empath_body),6.103941402172963e-05,0.0002076216220202918,empath_body
324 (empath_money),6.0727988439973625e-05,0.0001904934560081352,empath_money
336 (empath_health),6.0416562858223163e-05,0.0002277464456378787,empath_health
693 (empath_body),5.9170860531249093e-05,0.0001600436638288994,empath_body
499 (empath_family),5.885943494950974e-05,0.00025051066826657474,empath_family
302 (empath_body),5.885943494950419e-05,0.00017980317175932698,empath_body
357 (empath_pain),5.761373262255232e-05,0.00016339458891177303,empath_pain
224 (empath_medical_emergency),5.7302307040801856e-05,0.00019938632217256694,empath_medical_emergency
649 (empath_money),5.69908814590625e-05,0.00031721581062864616,empath_money
465 (empath_medical_emergency),5.636803029556714e-05,0.00014779399794120785,empath_medical_emergency
162 (empath_medical_emergency),5.5745179132071775e-05,0.00013120556015357282,empath_medical_emergency
139 (empath_negative_emotion),5.543375355033797e-05,0.0002596617123200231,empath_negative_emotion
687 (empath_medical_emergency),5.3876625641635643e-05,0.00020956211293768153,empath_medical_emergency
512 (empath_positive_emotion),5.356520005989074e-05,0.00021750262280346663,empath_positive_emotion
94 (empath_negative_emotion),5.263092331464492e-05,0.00014543908095676581,empath_negative_emotion
247 (empath_negative_emotion),5.16966465694213e-05,0.00010834925208756218,empath_negative_emotion
673 (empath_family),5.0450944242447225e-05,0.00021671193060211318,empath_family
75 (empath_negative_emotion),5.013951866069677e-05,0.0002064587197765173,empath_negative_emotion
428 (empath_health),4.9828093078968515e-05,0.00019059652690585528,empath_health
451 (empath_negative_emotion),4.827096517024953e-05,0.00015384392217262168,empath_negative_emotion
344 (empath_health),4.795953958850463e-05,0.000211596208783269,empath_health
415 (empath_negative_emotion),4.609098609805185e-05,0.00033795860510475755,empath_negative_emotion
56 (empath_health),4.609098609804074e-05,0.00012707384953215912,empath_health
379 (empath_family),4.577956051627918e-05,0.0003367158679356983,empath_family
578 (empath_medical_emergency),4.484528377107777e-05,0.0002123785472344015,empath_medical_emergency
616 (empath_negative_emotion),4.422243260759906e-05,0.0001426573932047833,empath_negative_emotion
221 (empath_health),4.4222432607576855e-05,0.00014491030881543844,empath_health
605 (empath_health),4.3599581444081495e-05,0.0002749942553251927,empath_health
397 (empath_health),4.110817679015555e-05,0.00018834837929959167,empath_health
347 (empath_medical_emergency),3.986247446322033e-05,0.00016458363211829105,empath_medical_emergency
666 (empath_death),3.9862474463203676e-05,0.00020994242299456599,empath_death
322 (empath_medical_emergency),3.955104888145322e-05,0.0001667482612794734,empath_medical_emergency
644 (empath_medical_emergency),3.9239623299719416e-05,0.0003147654630988596,empath_medical_emergency
730 (empath_medical_emergency),3.861677213621295e-05,0.0002510607890150322,empath_medical_emergency
718 (empath_health),3.768249539101154e-05,0.00016970236907840893,empath_health
497 (empath_friends),3.7059644227505074e-05,0.00022562756531704171,empath_friends
485 (empath_anger),3.674821864576572e-05,0.00022901026949818912,empath_anger
298 (empath_medical_emergency),3.674821864576572e-05,0.0002972109745080005,empath_medical_emergency
480 (empath_pain),3.612536748229256e-05,0.00035550890917196404,empath_pain
99 (empath_health),3.550251631878609e-05,0.00022053769189672636,empath_health
534 (empath_affection),3.4879665155285176e-05,0.001054237739482104,empath_affection
646 (empath_sadness),3.425681399178982e-05,0.00017073962547430993,empath_sadness
509 (empath_negative_emotion),3.3322537246605056e-05,0.00015669720963558254,empath_negative_emotion
235 (empath_pain),3.3011111664837946e-05,0.0004477736751818162,empath_pain
672 (empath_health),3.269968608310414e-05,0.000316061678827738,empath_health
581 (empath_medical_emergency),3.2388260501370335e-05,0.0002475047831001798,empath_medical_emergency
388 (empath_medical_emergency),2.9896855847416638e-05,0.00016483329760244993,empath_medical_emergency
633 (empath_money),2.8962579102159714e-05,0.0002942685024238269,empath_money
514 (empath_health),2.865115352044256e-05,0.00017676687204208556,empath_health
760 (empath_medical_emergency),2.802830235695275e-05,0.0002110399530110645,empath_medical_emergency
147 (empath_health),2.802830235694165e-05,0.0002268367158400495,empath_health
87 (empath_pain),2.7405451193446285e-05,0.00013655079581488075,empath_pain
269 (empath_health),2.7094025611740236e-05,0.0001598226254815538,empath_health
334 (empath_negative_emotion),2.6782600029978675e-05,0.00033991984552995974,empath_negative_emotion
38 (empath_medical_emergency),2.6471174448244873e-05,0.00017922400179719143,empath_medical_emergency
234 (empath_pain),2.5848323284777265e-05,0.00019625520288306023,empath_pain
747 (empath_medical_emergency),2.584832328474951e-05,0.00015764749302766865,empath_medical_emergency
173 (empath_health),2.584832328474951e-05,0.00036171126116449565,empath_health
744 (empath_medical_emergency),2.3979769794307825e-05,0.0001924829290016485,empath_medical_emergency
101 (empath_negative_emotion),2.0865513976858762e-05,0.0002543817104871642,empath_negative_emotion
65 (empath_affection),2.0242662813374502e-05,0.00017349367945500695,empath_affection
436 (empath_optimism),1.9931237231629594e-05,0.00019124269444943206,empath_optimism
369 (empath_positive_emotion),1.868553490465552e-05,0.0002211604068082416,empath_positive_emotion
558 (empath_family),1.8374109322927268e-05,0.0002980163831686394,empath_family
503 (empath_body),1.7128406995975397e-05,0.0002866595933525239,empath_body
141 (empath_health),1.650555583250224e-05,0.00013372129999237857,empath_health
505 (empath_negative_emotion),1.3391300015036522e-05,0.00013560823039471368,empath_negative_emotion
735 (empath_affection),1.3079874433291615e-05,0.00011778146792254932,empath_affection
564 (empath_negative_emotion),1.0588469779326814e-05,0.0002335575594628181,empath_negative_emotion
662 (empath_medical_emergency),9.342767452413803e-06,0.0002528077604532775,empath_medical_emergency
427 (empath_medical_emergency),9.031341870652242e-06,0.00019566326789333132,empath_medical_emergency
170 (empath_medical_emergency),8.719916288885132e-06,0.00018592289806970293,empath_medical_emergency
42 (empath_negative_emotion),8.408490707151328e-06,0.00015832277480652056,empath_negative_emotion
109 (empath_family),8.097065125417524e-06,0.00016111391105811366,empath_family
695 (empath_optimism),7.785639543661516e-06,0.0002395579421667544,empath_optimism
143 (empath_medical_emergency),5.91708605320318e-06,0.0003129383942176424,empath_medical_emergency
409 (empath_medical_emergency),5.294234889702265e-06,0.0004573834692772308,empath_medical_emergency
690 (empath_death),4.671383726229106e-06,0.00018388223620972136,empath_death
286 (empath_health),4.048532562778151e-06,0.00030047824267793777,empath_health
528 (empath_health),3.425681399277236e-06,0.00025165403116520515,empath_health
613 (empath_medical_emergency),2.80283023577077e-06,0.00020855262303006426,empath_medical_emergency
529 (empath_health),2.4914046540425174e-06,0.00025709044733588195,empath_health
24 (empath_medical_emergency),-1.5571279086190603e-06,0.0002232804144785767,empath_medical_emergency
454 (empath_body),-1.868553490375069e-06,0.0002039977815971083,empath_body
203 (empath_positive_emotion),-2.179979072108873e-06,0.00025853406901191894,empath_positive_emotion
73 (empath_medical_emergency),-2.4914046538537794e-06,0.00014624937911216802,empath_medical_emergency
37 (empath_medical_emergency),-3.425681399088498e-06,0.00016051534300157887,empath_medical_emergency
624 (empath_medical_emergency),-4.359958144328769e-06,0.00022375099081694313,empath_medical_emergency
555 (empath_sadness),-4.671383726040368e-06,0.0001513268783699024,empath_sadness
233 (empath_family),-4.67138372605147e-06,0.000439875267512684,empath_family
200 (empath_negative_emotion),-5.605660471302842e-06,0.00046545321973246107,empath_negative_emotion
535 (empath_medical_emergency),-6.539937216493152e-06,0.0002212347254779548,empath_medical_emergency
183 (empath_negative_emotion),-6.539937216493152e-06,0.0003333067115564765,empath_negative_emotion
238 (empath_negative_emotion),-6.851362798254712e-06,0.00015477444110228425,empath_negative_emotion
496 (empath_medical_emergency),-6.851362798260263e-06,0.00016575215176658128,empath_medical_emergency
420 (empath_medical_emergency),-7.785639543467227e-06,0.0004221390704525094,empath_medical_emergency
191 (empath_medical_emergency),-7.785639543478328e-06,0.00023943645528487636,empath_medical_emergency
703 (empath_negative_emotion),-7.785639543500533e-06,0.00017255197538847226,empath_negative_emotion
193 (empath_family),-9.031341870446852e-06,0.00026585951570026083,empath_family
194 (empath_family),-1.0277044197432028e-05,0.0002714321841196588,empath_family
378 (empath_body),-1.1211320942661195e-05,0.00019483995013220957,empath_body
126 (empath_negative_emotion),-1.2145597687890364e-05,0.00037014590983634526,empath_negative_emotion
431 (empath_money),-1.370272559658714e-05,0.0001813727187839654,empath_money
84 (empath_death),-1.432557676006585e-05,0.00022863898235240163,empath_death
21 (empath_medical_emergency),-1.4325576760099157e-05,0.00029642153689163174,empath_medical_emergency
283 (empath_health),-1.463700234182741e-05,0.00035416236742101764,empath_health
230 (empath_affection),-1.5571279087078782e-05,0.00024362558727703134,empath_affection
76 (empath_positive_emotion),-1.619413025054639e-05,0.0003044232452018346,empath_positive_emotion
192 (empath_pain),-1.6816981414041753e-05,0.00023721636335056372,empath_pain
434 (empath_death),-1.775125815924872e-05,0.0001630666098863014,empath_death
537 (empath_negative_emotion),-1.8374109322760734e-05,0.00013953082515234645,empath_negative_emotion
14 (empath_health),-1.9308386067989903e-05,0.0003537438205739191,empath_health
90 (empath_negative_emotion),-2.0242662813213518e-05,0.0001847032018659677,empath_negative_emotion
142 (empath_negative_emotion),-2.0554088394969526e-05,0.00025982003171849205,empath_negative_emotion
694 (empath_health),-2.2111216303655203e-05,0.00017560067717145507,empath_health
448 (empath_negative_emotion),-2.2422641885422313e-05,0.00018622520683969935,empath_negative_emotion
444 (empath_negative_emotion),-2.273406746716167e-05,8.435610204754467e-05,empath_negative_emotion
724 (empath_pain),-2.3668344212363078e-05,0.0003447502289124553,empath_pain
208 (empath_family),-2.4602620957631105e-05,0.00015427955426861793,empath_family
754 (empath_sadness),-2.522547212108206e-05,0.00019716436958011664,empath_sadness
525 (empath_pain),-2.615974886632788e-05,0.000199318211459641,empath_pain
423 (empath_optimism),-2.615974886633343e-05,0.00021915688868294058,empath_optimism
77 (empath_medical_emergency),-2.7094025611551496e-05,0.00031724026896918166,empath_medical_emergency
466 (empath_strength),-2.865115352026493e-05,0.0001915852110878204,empath_strength
216 (empath_medical_emergency),-2.8651153520276028e-05,0.0002496879728211083,empath_medical_emergency
4 (empath_negative_emotion),-2.8962579101982078e-05,0.00019836880636370062,empath_negative_emotion
566 (empath_health),-3.114255817424083e-05,0.00028948846331466497,empath_health
508 (empath_negative_emotion),-3.20768349194478e-05,0.0002184891836262863,empath_negative_emotion
315 (empath_health),-3.2076834919464446e-05,0.00013697451580409631,empath_health
635 (empath_negative_emotion),-3.2388260501164946e-05,0.00018350975368769436,empath_negative_emotion
620 (empath_health),-3.23882605012038e-05,0.0001201408695426775,empath_health
341 (empath_negative_emotion),-3.581394190033671e-05,0.0002058320493822666,empath_negative_emotion
742 (empath_medical_emergency),-3.705964422733299e-05,0.00022891347925041384,empath_medical_emergency
35 (empath_health),-3.955104888128669e-05,0.00026549300257314065,empath_health
604 (empath_health),-3.986247446300939e-05,0.00027172591405658916,empath_health
196 (empath_negative_emotion),-4.1108176789989014e-05,0.0002221702329780088,empath_negative_emotion
277 (empath_medical_emergency),-4.1731027953473274e-05,0.00018982251420086965,empath_medical_emergency
533 (empath_death),-4.2042453535218185e-05,0.00014689090011691985,empath_death
722 (empath_health),-4.297673028045845e-05,0.0001860741138486627,empath_health
74 (empath_achievement),-4.3288155862181156e-05,0.00020119611084560817,empath_achievement
602 (empath_friends),-4.359958144391496e-05,0.00018593958998497817,empath_friends
214 (empath_health),-4.422243260739922e-05,0.00018340719498438762,empath_health
714 (empath_negative_emotion),-4.515670935264504e-05,0.00015155742792789229,empath_negative_emotion
540 (empath_medical_emergency),-4.577956051613485e-05,0.000410700684747438,empath_medical_emergency
182 (empath_pain),-4.671383726134737e-05,0.00017583276986686078,empath_pain
114 (empath_medical_emergency),-4.6713837261380674e-05,0.0002519238548406041,empath_medical_emergency
600 (empath_health),-4.858239075182791e-05,0.0001383879415564444,empath_health
232 (empath_health),-4.889381633353951e-05,7.025460183383058e-05,empath_health
326 (empath_health),-4.920524191531217e-05,0.00023026884169964157,empath_health
299 (empath_health),-5.013951866053579e-05,0.00017799245717085063,empath_health
468 (empath_family),-5.107379540578716e-05,0.00028588529158439556,empath_family
583 (empath_death),-5.4810902386687176e-05,0.00023548881464414886,empath_death
376 (empath_family),-5.636803029540616e-05,0.00023054308073809505,empath_family
297 (empath_money),-5.761373262235248e-05,0.0002969365758574173,empath_money
106 (empath_health),-5.8236583785858945e-05,0.00029893790094567287,empath_health
598 (empath_medical_emergency),-5.82365837858867e-05,0.00017376626554762057,empath_medical_emergency
337 (empath_pain),-5.88594349493321e-05,0.00028105343512852286,empath_pain
424 (empath_negative_emotion),-5.9170860531065904e-05,0.00021535253492240125,empath_negative_emotion
608 (empath_death),-6.010513727632283e-05,0.0002791129081737268,empath_death
402 (empath_optimism),-6.072798843980709e-05,0.00027747215417234537,empath_optimism
489 (empath_health),-6.072798843981264e-05,0.00026804951783943,empath_health
584 (empath_health),-6.103941402154644e-05,0.0001901645287484231,empath_health
311 (empath_death),-6.135083960326915e-05,0.0002932317856422452,empath_death
493 (empath_death),-6.197369076678116e-05,0.00012078295009537792,empath_death
547 (empath_positive_emotion),-6.228511634850942e-05,0.00021729383822506585,empath_positive_emotion
416 (empath_negative_emotion),-6.415366983895665e-05,0.00022433971454118725,empath_negative_emotion
55 (empath_affection),-6.41536698389955e-05,0.00018388460965106308,empath_affection
459 (empath_negative_emotion),-6.726792565641127e-05,0.00021149076117098125,empath_negative_emotion
758 (empath_suffering),-6.726792565641681e-05,0.00019272790465034968,empath_suffering
643 (empath_health),-6.757935123813952e-05,0.0006548777952106709,empath_health
460 (empath_health),-6.91364791468807e-05,0.0001660911781254557,empath_health
133 (empath_death),-6.944790472860895e-05,0.00017694098760203699,empath_death
351 (empath_negative_emotion),-6.975933031034277e-05,0.00022231162650692405,empath_negative_emotion
486 (empath_family),-6.975933031035386e-05,0.00023299629111041858,empath_family
474 (empath_pain),-7.038218147386033e-05,0.00021843435591985947,empath_pain
43 (empath_health),-7.193930938252935e-05,0.0002765239966887793,empath_health
226 (empath_pain),-7.411928845474369e-05,0.0003268746405228821,empath_pain
295 (empath_negative_emotion),-7.567641636345712e-05,0.0001483938812193835,empath_negative_emotion
265 (empath_negative_emotion),-7.629926752695249e-05,0.0001814184326544112,empath_negative_emotion
47 (empath_money),-7.661069310868629e-05,0.0002182122406125549,empath_money
102 (empath_medical_emergency),-7.94135233443738e-05,0.00022351485018701968,empath_medical_emergency
597 (empath_family),-7.972494892612425e-05,0.00033357503344991793,empath_family
69 (empath_death),-8.003637450786361e-05,0.0001749566079468072,empath_death
363 (empath_medical_emergency),-8.03478000896085e-05,0.00019880468595356987,empath_medical_emergency
417 (empath_medical_emergency),-8.25277791618062e-05,0.00021698006118294475,empath_medical_emergency
422 (empath_health),-8.408490707050852e-05,0.00024961105215494606,empath_health
110 (empath_pain),-8.439633265228119e-05,0.00013851228234434672,empath_pain
44 (empath_negative_emotion),-8.813343963317011e-05,0.00019750643785690372,empath_negative_emotion
736 (empath_strength),-8.875629079665436e-05,0.00022607759876320916,empath_strength
723 (empath_health),-8.906771637839928e-05,0.0002474773517565797,empath_health
304 (empath_medical_emergency),-8.906771637841037e-05,0.0001709054108815747,empath_medical_emergency
749 (empath_medical_emergency),-8.937914196014973e-05,0.00028178267813435635,empath_medical_emergency
309 (empath_death),-8.969056754189464e-05,0.00020604421089287403,empath_death
639 (empath_pain),-9.06248442871349e-05,0.00023188536346906646,empath_pain
524 (empath_health),-9.187054661409233e-05,0.00022464882446445353,empath_health
125 (empath_health),-9.218197219584278e-05,0.0002987323007232899,empath_health
705 (empath_medical_emergency),-9.436195126804602e-05,0.0001566229194379403,empath_medical_emergency
30 (empath_negative_emotion),-9.498480243150809e-05,0.00022646336407878282,empath_negative_emotion
54 (empath_death),-9.560765359500344e-05,0.00012167577222621962,empath_death
13 (empath_death),-9.623050475849327e-05,9.368631878425291e-05,empath_death
135 (empath_religion),-9.716478150371688e-05,0.00026047096502380723,empath_religion
294 (empath_medical_emergency),-9.996761173940993e-05,0.0002743337679475055,empath_medical_emergency
660 (empath_money),-0.00010090188848462245,0.00038775974237355206,empath_money
215 (empath_death),-0.00010308186755684235,0.0001903060040164342,empath_death
282 (empath_health),-0.0001033932931385817,0.00015688432672775754,empath_health
713 (empath_religion),-0.00010370471872034326,0.0003436720635959915,empath_religion
542 (empath_positive_emotion),-0.00010526184662906779,0.00017953786074789235,empath_positive_emotion
317 (empath_family),-0.00010650754895601965,0.00019017778855732367,empath_family
443 (empath_sadness),-0.00010713040011948727,0.00015838800149515911,empath_sadness
464 (empath_negative_emotion),-0.00010744182570123218,0.00023618196643199568,empath_negative_emotion
91 (empath_health),-0.00011024465593696408,0.00019458592075661808,empath_health
52 (empath_suffering),-0.00011304748617259608,0.00020502378607226238,empath_suffering
83 (empath_sadness),-0.00011460461408135391,0.0003769942696164879,empath_sadness
473 (empath_family),-0.00011491603966308217,0.00016945071993066735,empath_family
122 (empath_medical_emergency),-0.00011678459315352386,0.00019624136528434544,empath_medical_emergency
335 (empath_health),-0.0001186531466440044,0.00014191544506149569,empath_health
372 (empath_money),-0.0001195874233892391,0.0002427729702783224,empath_money
96 (empath_medical_emergency),-0.0001195874233892391,0.00013018334332814168,empath_medical_emergency
80 (empath_pain),-0.00012114455129794144,0.00024112043963603658,empath_pain
321 (empath_family),-0.0001227016792066604,0.0001892186570878912,empath_family
71 (empath_positive_emotion),-0.00012363595595188404,0.0002975786728860483,empath_positive_emotion
212 (empath_strength),-0.0001239473815336234,0.0001347562638803821,empath_strength
432 (empath_positive_emotion),-0.000124881658278847,0.00026526787931294816,empath_positive_emotion
711 (empath_pain),-0.00012675021176932199,0.0001855665333047688,empath_pain
371 (empath_medical_emergency),-0.000127373062932834,0.00023500129826373772,empath_medical_emergency
515 (empath_negative_emotion),-0.00012924161642326458,0.00017772417024995122,empath_negative_emotion
204 (empath_sadness),-0.00012955304200500394,0.00019628806327035424,empath_sadness
78 (empath_medical_emergency),-0.0001298644675867211,0.00015009646918729533,empath_medical_emergency
256 (empath_pain),-0.00013017589316846045,0.0003930871871819386,empath_pain
728 (empath_family),-0.00013048731875020536,0.00022875242447648964,empath_family
665 (empath_negative_emotion),-0.00013079874433199467,0.00016601057600237141,empath_negative_emotion
557 (empath_health),-0.00013142159549545118,0.00018836382651234805,empath_health
249 (empath_negative_emotion),-0.0001323558722406526,0.00020142158229749578,empath_negative_emotion
692 (empath_medical_emergency),-0.00013266729782241416,0.0003023177368880184,empath_medical_emergency
32 (empath_negative_emotion),-0.00013422442573112758,0.00020845959372387074,empath_negative_emotion
292 (empath_medical_emergency),-0.0001342244257311387,0.00016523144943824693,empath_medical_emergency
345 (empath_pain),-0.00013578155363986878,0.00021363522521941527,empath_pain
319 (empath_medical_emergency),-0.00013640440480332526,0.0003686147692360423,empath_medical_emergency
132 (empath_death),-0.00013702725596682064,0.00018226247024008286,empath_death
172 (empath_negative_emotion),-0.0001370272559668262,0.00028038681287924366,empath_negative_emotion
349 (empath_negative_emotion),-0.0001382729582937947,0.0001776556704186517,empath_negative_emotion
145 (empath_negative_emotion),-0.00013951866062076324,0.0002679375108979819,empath_negative_emotion
68 (empath_negative_emotion),-0.00014045293736600906,0.0003659295642520989,empath_negative_emotion
111 (empath_affection),-0.0001407643629477373,0.00020625121679223264,empath_affection
116 (empath_medical_emergency),-0.00014107578852949333,0.0002613027659467928,empath_medical_emergency
626 (empath_sadness),-0.00014169863969297757,0.00025606588524363115,empath_sadness
530 (empath_negative_emotion),-0.00014263291643820675,0.00013380286954164174,empath_negative_emotion
246 (empath_death),-0.0001435671931834137,0.00019898583787692512,empath_death
66 (empath_negative_emotion),-0.00014419004434690352,0.00012809059488737894,empath_negative_emotion
118 (empath_medical_emergency),-0.00014481289551040443,0.00025445490212072186,empath_medical_emergency
8 (empath_family),-0.00014512432109212715,0.0002354435068674609,empath_family
531 (empath_family),-0.0001451243210921549,0.0002557947434424036,empath_family
570 (empath_strength),-0.00014574717225563917,0.0003031782021420642,empath_strength
380 (empath_body),-0.00014574717225563917,0.00033577628359820127,empath_body
394 (empath_medical_emergency),-0.00014605859783737852,0.0001940206368125388,empath_medical_emergency
634 (empath_affection),-0.00015010713040004565,0.00023474053123144083,empath_affection
95 (empath_negative_emotion),-0.00015290996063569985,0.00020394428913463465,empath_negative_emotion
603 (empath_emotional),-0.0001529099606357165,0.0003527310953996655,empath_emotional
153 (empath_medical_emergency),-0.00015322138621745585,0.0005603563146772557,empath_medical_emergency
477 (empath_family),-0.0001541556629627183,0.00025194214077357705,empath_family
289 (empath_death),-0.00015446708854442438,0.00017459396926052312,empath_death
708 (empath_health),-0.00015477851412615818,0.00016040412878198194,empath_health
579 (empath_negative_emotion),-0.0001554013652896702,0.0002145401316698929,empath_negative_emotion
389 (empath_money),-0.0001563356420349049,0.0002563007941438565,empath_money
458 (empath_negative_emotion),-0.00015695849319838362,0.00022146366296856192,empath_negative_emotion
36 (empath_medical_emergency),-0.00015695849319838918,0.00012583443419376781,empath_medical_emergency
222 (empath_negative_emotion),-0.00015851562110708595,0.00018813275842440724,empath_negative_emotion
520 (empath_death),-0.00016225272808801373,0.0002733704683731427,empath_death
318 (empath_positive_emotion),-0.00016318700483321512,0.000192425731541665,empath_positive_emotion
262 (empath_negative_emotion),-0.00016536698390541283,0.00043434424399287677,empath_negative_emotion
756 (empath_negative_emotion),-0.00016598983506892483,0.0003616737209187183,empath_negative_emotion
146 (empath_health),-0.00016816981414115583,0.00018911509164894178,empath_health
449 (empath_achievement),-0.00016879266530460678,0.00031591450639701675,empath_achievement
439 (empath_medical_emergency),-0.0001715954955402943,0.00015029277256546655,empath_medical_emergency
112 (empath_health),-0.00017595545368470077,0.00016718507535885008,empath_health
252 (empath_family),-0.00017906970950213875,0.0002302854779251731,empath_family
267 (empath_negative_emotion),-0.0001803154118291017,0.00019551450807274093,empath_negative_emotion
621 (empath_negative_emotion),-0.00018218396531954895,0.0002359601163401869,empath_negative_emotion
103 (empath_negative_emotion),-0.00018218396531958226,0.0002294754355355728,empath_negative_emotion
678 (empath_health),-0.00018311824206478365,0.00019337898713530754,empath_health
559 (empath_positive_emotion),-0.0001831182420647892,0.0001314407814531637,empath_positive_emotion
622 (empath_health),-0.00018374109322825128,0.000194420374250692,empath_health
553 (empath_pain),-0.00018467536997351374,0.00013898480955674858,empath_pain
97 (empath_negative_emotion),-0.00018529822113699245,0.0002880097387324581,empath_negative_emotion
732 (empath_health),-0.00018560964671872072,0.0003877447349719199,empath_health
631 (empath_medical_emergency),-0.00018623249788221607,0.0002519654293561734,empath_medical_emergency
433 (empath_negative_emotion),-0.00018934675369963183,0.00019619712784295834,empath_negative_emotion
494 (empath_positive_emotion),-0.00018934675369963738,0.0002470560947120648,empath_positive_emotion
556 (empath_family),-0.00019152673277187394,0.00021721236677418898,empath_family
160 (empath_medical_emergency),-0.0001918381583536133,0.0002586640215872708,empath_medical_emergency
707 (empath_negative_emotion),-0.0001933952862623267,0.00034987094472053646,empath_negative_emotion
607 (empath_medical_emergency),-0.0001943295630075337,0.0003319603880692475,empath_medical_emergency
408 (empath_health),-0.00019432956300755033,0.00018945940707584003,empath_health
681 (empath_negative_emotion),-0.00019619811649801978,0.0001986543728364041,empath_negative_emotion
753 (empath_friends),-0.00019650954207974246,0.00027570909705953165,empath_friends
495 (empath_health),-0.00019775524440667768,0.00019398464253788704,empath_health
406 (empath_money),-0.00020118092580588277,0.0001978775698531383,empath_money
751 (empath_pain),-0.0002024266281328846,0.0002665446417241001,empath_pain
674 (empath_health),-0.0002027380537145962,0.00013658026821906916,empath_health
195 (empath_negative_emotion),-0.000204918032786805,0.0002053983337219512,empath_negative_emotion
413 (empath_medical_emergency),-0.00020616373511377905,0.0004329864000075302,empath_medical_emergency
648 (empath_health),-0.00020772086302250358,0.0002405147247971149,empath_health
332 (empath_health),-0.00020803228860420963,0.00038541554903493184,empath_health
568 (empath_medical_emergency),-0.0002089665653494832,0.0002978015165478518,empath_medical_emergency
57 (empath_health),-0.0002089665653494832,0.00016329483894361022,empath_health
217 (empath_health),-0.00021644077931127215,0.00043147393405446613,empath_health
34 (empath_medical_emergency),-0.00022048931187394484,0.0004379994606077533,empath_medical_emergency
630 (empath_negative_emotion),-0.00022204643978265826,0.0002870680065392881,empath_negative_emotion
314 (empath_medical_emergency),-0.00022204643978268045,0.0001845393009153554,empath_medical_emergency
623 (empath_affection),-0.00022329214210963232,0.00019455775787870214,empath_affection
663 (empath_negative_emotion),-0.0002245378444366064,0.00027297993335413944,empath_negative_emotion
450 (empath_affection),-0.00022578354676359159,0.00016156806002647295,empath_affection
641 (empath_death),-0.00022702924909054345,0.0002677932261830186,empath_death
387 (empath_medical_emergency),-0.00022765210025404992,0.00017151012900138695,empath_medical_emergency
157 (empath_medical_emergency),-0.0002295206537444916,0.0005997874794145555,empath_medical_emergency
50 (empath_death),-0.00023045493048971523,0.00020791477150961082,empath_death
636 (empath_negative_emotion),-0.00023045493048973742,0.00022675546523460473,empath_negative_emotion
291 (empath_health),-0.00023138920723496658,0.00015103691227624213,empath_health
296 (empath_medical_emergency),-0.00023170063281669485,0.000126725341193266,empath_medical_emergency
430 (empath_negative_emotion),-0.00023170063281669485,0.00018338286852892548,empath_negative_emotion
734 (empath_negative_emotion),-0.00023201205839845084,0.00017183102259045623,empath_negative_emotion
738 (empath_medical_emergency),-0.00023325776072541382,0.00019807719746035642,empath_medical_emergency
31 (empath_medical_emergency),-0.00023356918630715873,0.00014930899958373722,empath_medical_emergency
680 (empath_health),-0.00023356918630717538,0.00041216796313338713,empath_health
726 (empath_health),-0.0002369948677063194,0.0001348364880480311,empath_health
479 (empath_body),-0.00023699486770632495,0.0001932794072475492,empath_body
638 (empath_health),-0.00023886342119674997,0.000503837218840266,empath_health
359 (empath_medical_emergency),-0.00023979769794197915,0.0002713551725250134,empath_medical_emergency
179 (empath_medical_emergency),-0.00024322337934117865,0.0005669912189987772,empath_medical_emergency
582 (empath_negative_emotion),-0.00024384623050466848,0.0003586523622744713,empath_negative_emotion
348 (empath_negative_emotion),-0.00024478050724987546,0.00020284398727741327,empath_negative_emotion
506 (empath_health),-0.0002457147839951379,0.00022562756531700057,empath_health
239 (empath_health),-0.0002500747421395222,0.0004616805210636146,empath_health
585 (empath_money),-0.00025381184912045553,0.00018575041413517338,empath_money
398 (empath_negative_emotion),-0.00025381184912046106,0.000264575231600017,empath_negative_emotion
85 (empath_health),-0.00025412327470217266,0.00020100440600768354,empath_health
691 (empath_family),-0.0002547461258656736,0.0002452555052851569,empath_family
244 (empath_friends),-0.0002553689770291745,0.0002955624020583208,empath_friends
5 (empath_suffering),-0.00025754895610133886,0.0001297606175361701,empath_suffering
658 (empath_medical_emergency),-0.0002575489561013722,0.00012565973985071972,empath_medical_emergency
164 (empath_negative_emotion),-0.00026035178633704303,0.00029387488186683207,empath_negative_emotion
62 (empath_pain),-0.0002650231700631944,0.00020937876289557584,empath_pain
652 (empath_medical_emergency),-0.0002662688723901796,0.00018885721343640677,empath_medical_emergency
92 (empath_strength),-0.0002690717026258671,0.00021553350309279283,empath_strength
3 (empath_health),-0.0002721859584432662,0.00021232830811962244,empath_health
731 (empath_affection),-0.00027623449100594444,0.0006932903533636114,empath_affection
668 (empath_negative_emotion),-0.0002771687677511625,0.0003005313339430994,empath_negative_emotion
284 (empath_negative_emotion),-0.000281217300313813,0.0004445572636403096,empath_negative_emotion
272 (empath_health),-0.00028184015147731387,0.0002436763389801932,empath_health
628 (empath_death),-0.0002821515770590477,0.00026093747189698187,empath_death
152 (empath_money),-0.0002821515770590921,0.00018782964720231204,empath_money
329 (empath_friends),-0.00028246300264079817,0.00015039340771461475,empath_friends
510 (empath_medical_emergency),-0.0002824630026408093,0.00031943992322509276,empath_medical_emergency
374 (empath_medical_emergency),-0.00028402013054948936,0.00020967431253491106,empath_medical_emergency
64 (empath_medical_emergency),-0.00028651153520344307,0.00018151597053074189,empath_medical_emergency
699 (empath_health),-0.00028713438636694953,0.0002038817445991477,empath_health
sentiment,-0.0002874458119486778,0.000511076896699159,sentiment
476 (empath_health),-0.00028744581194872223,0.00018072641245641215,empath_health
259 (empath_money),-0.0002914943445113394,0.00020604609370142966,empath_money
471 (empath_pain),-0.00029180577009307873,0.000586391381041046,empath_pain
278 (empath_pain),-0.00029367432358356484,0.0002871085456630638,empath_pain
89 (empath_medical_emergency),-0.000295542877074001,0.000312715172144965,empath_medical_emergency
9 (empath_pain),-0.00029616572823750186,0.00019889808635102814,empath_pain
595 (empath_medical_emergency),-0.00029741143056445375,0.00019446401840711222,empath_medical_emergency
610 (empath_friends),-0.00029741143056446486,0.00013377351023370434,empath_friends
72 (empath_family),-0.00029834570730972174,0.0002348809643416196,empath_family
502 (empath_medical_emergency),-0.0002995914096366681,0.0005646615578320301,empath_medical_emergency
325 (empath_medical_emergency),-0.0003005256863818806,0.0004229699429836194,empath_medical_emergency
410 (empath_family),-0.00030083711196360883,0.0002220366119697645,empath_family
108 (empath_optimism),-0.0003055084956897824,0.00020256049686805455,empath_optimism
619 (empath_health),-0.0003058199212715218,0.00011865110315156793,empath_health
144 (empath_negative_emotion),-0.0003070656235984959,0.0006327600731310362,empath_negative_emotion
86 (empath_positive_emotion),-0.000307999900343725,0.00019706596427272873,empath_positive_emotion
211 (empath_weakness),-0.00030893417708894867,0.0002417144052301946,empath_weakness
587 (empath_affection),-0.00031017987941592273,0.00033496771115072894,empath_affection
23 (empath_medical_emergency),-0.00031080273057942367,0.0002512330217096473,empath_medical_emergency
18 (empath_negative_emotion),-0.00031235985848810933,0.00039620029571525576,empath_negative_emotion
395 (empath_health),-0.0003132941352333607,0.00028736397938642955,empath_health
404 (empath_medical_emergency),-0.0003136055608151167,0.0002294703637788824,empath_medical_emergency
22 (empath_medical_emergency),-0.0003145398375603126,0.00011495780867460042,empath_medical_emergency
729 (empath_medical_emergency),-0.0003145398375603181,0.0001541289220834023,empath_medical_emergency
761 (empath_health),-0.00031547411430554175,0.00029902224212618837,empath_health
614 (empath_medical_emergency),-0.00031578553988733104,0.00017405430609379816,empath_medical_emergency
130 (empath_medical_emergency),-0.000322325477103913,0.0002555123065101489,empath_medical_emergency
532 (empath_negative_emotion),-0.00032325975384913107,0.0002534392022726498,empath_negative_emotion
523 (empath_negative_emotion),-0.00032325975384913665,0.00020894683925121686,empath_negative_emotion
544 (empath_negative_emotion),-0.00032699686083002556,0.00023510053253908956,empath_negative_emotion
716 (empath_religion),-0.0003273082864117871,0.0001854536070746071,empath_religion
642 (empath_body),-0.00033073396781095886,0.00019565756751826113,empath_body
667 (empath_sadness),-0.0003344710747919033,0.00022521130195438124,empath_sadness
463 (empath_medical_emergency),-0.00033665105386409546,0.00023674469488876087,empath_medical_emergency
594 (empath_negative_emotion),-0.00033976530968153894,0.00023783190599358433,empath_negative_emotion
136 (empath_medical_emergency),-0.00034007673526323943,0.00021876533271619379,empath_medical_emergency
7 (empath_negative_emotion),-0.00034101101200850195,0.00022093115507197843,empath_negative_emotion
501 (empath_pain),-0.00034132243759021354,0.00036066040518606255,empath_pain
671 (empath_pain),-0.0003413224375902302,0.00037759680770616655,empath_pain
254 (empath_religion),-0.0003435024166624168,0.0002979369656842691,empath_religion
197 (empath_health),-0.0003478623748068399,0.00031162031755978226,empath_health
426 (empath_pain),-0.0003500423538790043,0.00028104739616529527,empath_pain
151 (empath_health),-0.00035191090736950146,0.0002576112713363076,empath_health
100 (empath_money),-0.0003522223329512464,0.00023940890968791588,empath_money
264 (empath_body),-0.0003531566096964589,0.00019289389808976464,empath_body
654 (empath_pain),-0.0003534680352781927,0.0003166257931841942,empath_pain
516 (empath_health),-0.00035440231202344964,0.00032552480505921704,empath_health
599 (empath_achievement),-0.0003615651004035103,0.00014551908082399527,empath_achievement
280 (empath_medical_emergency),-0.00036561363296617186,0.00022558135176449607,empath_medical_emergency
184 (empath_positive_emotion),-0.0003659250585479057,0.00031780595337910537,empath_positive_emotion
61 (empath_medical_emergency),-0.00036654790971140104,0.00037902566000042374,empath_medical_emergency
316 (empath_negative_emotion),-0.0003721535701827872,0.000585314004083651,empath_negative_emotion
165 (empath_death),-0.0003721535701827983,0.0002906445042352402,empath_death
457 (empath_negative_emotion),-0.00037775923065417325,0.00029027988330558954,empath_negative_emotion
167 (empath_positive_emotion),-0.00037807065623589043,0.00043665864708601675,empath_positive_emotion
609 (empath_health),-0.00038087348647159456,0.00025454178985082824,empath_health
354 (empath_health),-0.0003821191887985742,0.00022340547747107706,empath_health
645 (empath_pain),-0.00038834770043342235,0.0003138779012890456,empath_pain
290 (empath_medical_emergency),-0.0003889705515969233,0.00017737019753542534,empath_medical_emergency
576 (empath_medical_emergency),-0.00038990482834213024,0.00021808153119440857,empath_medical_emergency
255 (empath_medical_emergency),-0.00039333050974132977,0.0003306235428499334,empath_medical_emergency
702 (empath_affection),-0.00039582191439526684,0.0003610843646037464,empath_affection
342 (empath_negative_emotion),-0.00039613333997697844,0.000336987231401923,empath_negative_emotion
210 (empath_medical_emergency),-0.00039644476555869004,0.00023729137545214086,empath_medical_emergency
527 (empath_health),-0.00040205042603010945,0.0001564767124903361,empath_health
63 (empath_death),-0.00040391897952057334,0.00022943654920247743,empath_death
107 (empath_medical_emergency),-0.00040827893766495207,0.0004890491332995952,empath_medical_emergency
625 (empath_body),-0.0004082789376649576,0.0002597332293757672,empath_body
355 (empath_medical_emergency),-0.00041108176790065066,0.0005604795333553871,empath_medical_emergency
601 (empath_medical_emergency),-0.0004110817679006618,0.00028648445343824706,empath_medical_emergency
340 (empath_medical_emergency),-0.0004166874283720257,0.00022032474033287065,empath_medical_emergency
360 (empath_pain),-0.0004204245353529812,0.00022387579093306902,empath_pain
393 (empath_negative_emotion),-0.0004238502167521252,0.00038277472684955077,empath_negative_emotion
675 (empath_health),-0.0004250959190790826,0.00021504043535052367,empath_health
627 (empath_medical_emergency),-0.0004278987493147535,0.0002838527582784821,empath_medical_emergency
689 (empath_friends),-0.00042789874931478125,0.0002157808504889032,empath_friends
201 (empath_friends),-0.00043288155862266644,0.00046165625717442803,empath_friends
396 (empath_optimism),-0.00043288155862266644,0.0005390074222540711,empath_optimism
590 (empath_fear),-0.00043350440978612845,0.00026999286828728266,empath_fear
719 (empath_health),-0.00044284717723845347,0.0002660449524827342,empath_health
629 (empath_death),-0.00044347002840191554,0.00021267973270650283,empath_death
88 (empath_negative_emotion),-0.0004462728586375975,0.00021960494589655236,empath_negative_emotion
253 (empath_health),-0.00044689570980108726,0.00022419938375449494,empath_health
171 (empath_health),-0.000447829986546322,0.00013924450358196366,empath_health
442 (empath_pain),-0.0004487642632915456,0.00028901552413019297,empath_pain
308 (empath_medical_emergency),-0.0004528127958542294,0.0012520828236577482,empath_medical_emergency
150 (empath_medical_emergency),-0.0004565499028351239,0.00026619947554187194,empath_medical_emergency
185 (empath_health),-0.0004590413074890776,0.0002049369635587603,empath_health
399 (empath_negative_emotion),-0.00045966415865257847,0.0002150289342279418,empath_negative_emotion
177 (empath_health),-0.00046277841446998866,0.00029221678176442856,empath_health
441 (empath_health),-0.00046682694703265026,0.0007811717624119212,empath_health
755 (empath_health),-0.0004683840749413748,0.00025211704122149583,empath_health
199 (empath_money),-0.0004724326075040308,0.00034797415779402066,empath_money
521 (empath_pain),-0.00047398973541273317,0.0003304687685236821,empath_pain
657 (empath_health),-0.00047430116099448917,0.00021224767232815364,empath_health
188 (empath_health),-0.0004758582889031915,0.00022281537349264885,empath_health
618 (empath_negative_emotion),-0.0004858239075189896,0.0002780665986892089,empath_negative_emotion
484 (empath_pain),-0.00048613533310073456,0.0003720016051694753,empath_pain
710 (empath_medical_emergency),-0.00048613533310073456,0.00026134878609417343,empath_medical_emergency
82 (empath_medical_emergency),-0.00048706960984596926,0.0003095300828141668,empath_medical_emergency
19 (empath_medical_emergency),-0.0005020180377695915,0.0001790781042559191,empath_medical_emergency
383 (empath_friends),-0.0005057551447505138,0.00018713127599932522,empath_friends
700 (empath_negative_emotion),-0.0005085579749862124,0.0005174700357340739,empath_negative_emotion
223 (empath_health),-0.0005154093377845448,0.0003272777646891576,empath_health
365 (empath_negative_emotion),-0.0005154093377845558,0.0003614891807709398,empath_negative_emotion
1 (empath_negative_emotion),-0.0005179007424385041,0.000206729124025767,empath_negative_emotion
612 (empath_health),-0.0005259978075638216,0.0003684967459190452,empath_health
258 (empath_strength),-0.0005278663610542411,0.00021124550679509064,empath_strength
175 (empath_pain),-0.0005300463401264665,0.0006033557002420009,empath_pain
275 (empath_health),-0.0005368977029248212,0.00031964221677586996,empath_health
737 (empath_friends),-0.0005412576610692166,0.00043659556352279523,empath_friends
368 (empath_medical_emergency),-0.0005421919378144457,0.0004566585489699562,empath_medical_emergency
39 (empath_medical_emergency),-0.0005459290447953791,0.0001984665656863691,empath_medical_emergency
574 (empath_health),-0.0005518461308484767,0.00032347150189702495,empath_health
684 (empath_medical_emergency),-0.0005683516866808846,0.0002001657492474877,empath_medical_emergency
98 (empath_health),-0.0005801858587870801,0.00016611891256246246,empath_health
669 (empath_medical_emergency),-0.0005985599681099351,0.00022064145324173512,empath_medical_emergency
762 (empath_medical_emergency),-0.0006041656285813047,0.0003285325867577327,empath_medical_emergency
403 (empath_medical_emergency),-0.00061599980068755,0.0006218191784509543,empath_medical_emergency
382 (empath_medical_emergency),-0.0006200483332502004,0.0002906084632099615,empath_medical_emergency
682 (empath_medical_emergency),-0.0006337510588468931,0.0006103015794220361,empath_medical_emergency
104 (empath_health),-0.0006399795704817412,0.00034978444614137835,empath_health
251 (empath_sadness),-0.0006412252728087264,0.0003687703654177092,empath_sadness
562 (empath_negative_emotion),-0.0006561737007323764,0.0001706347910380499,empath_negative_emotion
536 (empath_pain),-0.0006574194030593561,0.00035039170212375256,empath_pain
659 (empath_pain),-0.0006648936170212116,0.0004041093436722774,empath_pain
752 (empath_medical_emergency),-0.0006932333449597983,0.0006265526691156166,empath_medical_emergency
257 (empath_family),-0.0006935447705415599,0.0009076402811620053,empath_family
67 (empath_optimism),-0.0007091160496286552,0.0003174297572108431,empath_optimism
343 (empath_health),-0.0007471099706013173,0.0002609179578358511,empath_health
266 (empath_medical_emergency),-0.0007629926752702132,0.00023229509492729244,empath_medical_emergency
543 (empath_medical_emergency),-0.0008757287358611643,0.00040818093730502175,empath_medical_emergency
696 (empath_death),-0.0008878743335491712,0.00021092939945013695,empath_death
507 (empath_death),-0.0010678783197966223,0.0007806352312537151,empath_death
270 (empath_medical_emergency),-0.0010974637500622108,0.0006222984492664011,empath_medical_emergency
414 (empath_negative_emotion),-0.0011102321989136688,0.0005804855055458122,empath_negative_emotion
606 (empath_negative_emotion),-0.0011712716129352707,0.00031675809180041785,empath_negative_emotion
93 (empath_fear),-0.0012145597687975684,0.0005354817758484428,empath_fear
478 (empath_family),-0.001615364492500787,0.0010945309373360296,empath_family
435 (empath_medical_emergency),-0.0016773381832676404,0.0008340256171269404,empath_medical_emergency
